mean,max,min,STD
1.72276574789112,4.46435857917163,0.153310289613095,1.11307263213041
