mean,max,min,STD
2.46726677883207,5.09147654153431,0.0479183091814379,1.2113821336336
